{
  "rmse": 96.25242734979938,
  "mae": 74.69123405794119,
  "r2": 0.6332950717178355,
  "n_features": 2,
  "n_samples": 1000,
  "target": "calories",
  "model": "RandomForestRegressor"
}